Comment,Designator,Footprint,LCSC Part #,Manufacturer Part,Qty
JST PH 2-pin SMD right angle,BT1,JST_PH_S2B-PH-SM4-TB_1x02-1MP_P2.00mm_Horizontal,C295747,JST S2B-PH-SM4-TB(LF)(SN),1
1uF 25V* X7R/X5R,"C1,C10",C_0603_1608Metric,C15849,,2
10uF 10V* X7R/X5R,C2,C_0805_2012Metric,C15850,,1
22uF 10V* X7R/X5R,"C3,C4,C8",C_0805_2012Metric,C45783,,3
100nF 16V* X7R/X5R,"C5,C6,C9,C14,C15,C16,C17",C_0402_1005Metric,C1525,,7
1uF 10V* X7R/X5R,C7,C_0402_1005Metric,C52923,,1
10uF 10V X7R/X5R,"C11,C12,C13",C_0603_1608Metric,C19702,,3
220nF 16V* X7R/X5R,C18,C_0402_1005Metric,C16772,,1
560pF 50V X7R/X5R,C19,C_0402_1005Metric,C107029,,1
940nm IR LED side view,D1,Vishay_VSMB2943SLX01_SideView,C511094,Vishay VSMB2943SLX01,1
"Red/yellow-green LED side view, back to back, lens 2.0 up",D2,XINGLIGHT_XL-C4040_SideView,C7545693,XINGLIGHT XL-C4040SURSYGC,1
USB-C receptacle 16P,J1,USB_C_Receptacle_GCT_USB4105-xx-A_16P_TopMnt_Horizontal,C3020560,GCT USB4105-GF-A,1
"10P 0.5mm FPC connector, top+bottom contact",J2,Hirose_FH34SRJ-10S-0.5SH_1x10-1MP_P0.50mm_Horizontal,C324723,Hirose FH34SRJ-10S-0.5SH(50),1
"2P 1.0mm FPC connector, top contact",J3,FPC_1.0mm_2P_TopContact_1.0K-LS,C53145530,GUOCONN 1.0K-LS-2PWB-TW,1
2.2uH XFL4020,L1,L_Coilcraft_XxL4020,C5361188,Coilcraft XFL4020-222MEB,1
2.2uH 2016,L2,L_Murata_DFE201610P,C79317,Murata DFE201612P-2R2M=P2,1
Piezo buzzer,LS1,Buzzer_Murata_PKLCS1212E,C113159,Murata PKLCS1212E4001-R1,1
2N7002 N-MOSFET,Q1,SOT-23,C8545,2N7002,1
Si1308EDL N-MOSFET,Q2,SOT-323_SC-70,C469327,Vishay SI1308EDL-T1-GE3,1
5.1k 5%,"R1,R2",R_0402_1005Metric,C25905,,2
18k 1%,R3,R_0402_1005Metric,C25762,,1
820R 1%,R4,R_0603_1608Metric,C23253,,1
10k 5%,"R5,R13,R16",R_0402_1005Metric,C25744,,3
100k 5%,"R6,R7,R24",R_0402_1005Metric,C25741,,3
15k 1%,R8,R_0402_1005Metric,C25756,,1
0R 5%,"R9,R10",R_0402_1005Metric,C17168,,2
4.7k 5%,"R11,R12",R_0402_1005Metric,C25900,,2
1M 5%,"R14,R15",R_0402_1005Metric,C26083,,2
1k 5%,"R17,R19,R20,R21",R_0402_1005Metric,C11702,,4
22R 5%,R18,R_0402_1005Metric,C25092,,1
1.2k 1%,R22,R_0603_1608Metric,C22765,,1
100R 5%,R23,R_0603_1608Metric,C22775,,1
Side tact switch,"SW39,SW40",Alps_SKRTLAE010_SidePush,C110293,Alps SKRTLAE010,2
TPD4E05U06 USB ESD,U1,TI_DQA0010A_USON-10_2.5x1mm_P0.5mm,C138714,TPD4E05U06DQAR,1
BQ25185 charger,U2,Texas_DSQ0010A_WSON-10-1EP_2x2mm_P0.4mm_EP0.9x1.5mm,C19725033,BQ25185DLHR,1
TPS63900 buck-boost,U3,TI_DSK0010A_WSON-10-1EP_2.5x2.5mm_P0.5mm_EP2x1.2mm,C1518762,TPS63900DSKR,1
MAX17048 fuel gauge,U4,TDFN-8-1EP_2x2mm_P0.5mm_EP0.8x1.2mm,C2682616,MAX17048G+T10,1
ESP32-S3-WROOM-1-N16R2,U5,ESP32-S3-WROOM-1,C2913205,ESP32-S3-WROOM-1-N16R2,1
TPS610997 5V boost,U6,TI_YFF0006_DSBGA-6_0.88x1.23mm_P0.4mm,C2072359,TPS610997YFFR,1
RV-8263-C7 RTC,U7,MicroCrystal_C7_3.2x1.5mm_RV-8263,C5137460,Micro Crystal RV-8263-C7-32.768KHZ-20PPM-TA-QA,1
"2Gbit SPI NAND, 8-bit ECC",U8,SPI_NAND_UPDFN-8_8x6mm_P1.27mm,C410863,Micron MT29F2G01ABAGDWB-IT:G,1
LSM6DSV16X 6-axis IMU,U9,ST_LGA-14L_3x2.5mm_P0.5mm,C5267406,ST LSM6DSV16XTR,1
LIS2MDL magnetometer,U10,ST_LGA-12_2x2mm_P0.5mm,C919695,ST LIS2MDLTR,1
