Designator,Mid X,Mid Y,Layer,Rotation
BT1,50.8000mm,-62.7700mm,Bottom,180
C1,46.3550mm,-8.8900mm,Bottom,0
C2,28.5750mm,-69.7550mm,Bottom,0
C3,28.5750mm,-72.9300mm,Bottom,0
C4,33.0200mm,-90.7100mm,Bottom,0
C5,36.8300mm,-90.7100mm,Bottom,0
C6,3.8100mm,-87.5350mm,Bottom,0
C7,26.0350mm,-131.3500mm,Bottom,0
C8,25.4000mm,-133.8900mm,Bottom,180
C9,26.0350mm,-136.4300mm,Bottom,180
C10,37.4650mm,-63.4050mm,Bottom,0
C11,16.5100mm,-60.8650mm,Bottom,0
C12,5.0800mm,-63.4050mm,Bottom,0
C13,5.0800mm,-65.9450mm,Bottom,0
C14,27.9400mm,-62.1350mm,Bottom,0
C15,57.1500mm,-127.5400mm,Bottom,90
C16,15.2400mm,-93.8850mm,Bottom,0
C17,15.2400mm,-107.8550mm,Bottom,0
C18,15.2400mm,-114.2050mm,Bottom,0
C19,40.6400mm,-63.4050mm,Bottom,0
D1,25.3300mm,-0.9000mm,Bottom,180
D2,50.5700mm,-1.7750mm,Bottom,180
J1,38.0000mm,-2.4750mm,Bottom,0
J2,38.0000mm,-59.9000mm,Bottom,0
J3,64.7250mm,-76.7000mm,Bottom,180
L1,38.7350mm,-86.9000mm,Bottom,90
L2,12.7000mm,-60.8650mm,Bottom,180
LS1,69.2150mm,-122.4600mm,Bottom,0
Q1,27.9400mm,-6.3500mm,Bottom,0
Q2,69.8500mm,-71.6600mm,Bottom,0
R1,34.2900mm,-8.8900mm,Bottom,0
R2,41.9100mm,-8.8900mm,Bottom,0
R3,36.8300mm,-71.0250mm,Bottom,0
R4,36.8300mm,-73.5650mm,Bottom,0
R5,36.8300mm,-68.4850mm,Bottom,0
R6,40.0050mm,-68.4850mm,Bottom,0
R7,28.5750mm,-66.5800mm,Bottom,0
R8,28.5750mm,-93.2500mm,Bottom,0
R9,28.5750mm,-88.1700mm,Bottom,0
R10,28.5750mm,-90.7100mm,Bottom,0
R11,11.4300mm,-85.6300mm,Bottom,0
R12,11.4300mm,-88.1700mm,Bottom,0
R13,26.0350mm,-128.8100mm,Bottom,0
R14,8.8900mm,-67.8500mm,Bottom,0
R15,24.1300mm,-58.9600mm,Bottom,0
R16,57.1500mm,-124.3650mm,Bottom,90
R17,62.8650mm,-113.5700mm,Bottom,0
R18,29.2100mm,-2.5400mm,Bottom,90
R19,23.4950mm,-7.6200mm,Bottom,0
R20,52.0700mm,-5.0800mm,Bottom,0
R21,48.8950mm,-5.0800mm,Bottom,0
R22,28.5750mm,-95.7900mm,Bottom,180
R23,69.8500mm,-68.4850mm,Bottom,0
R24,73.0250mm,-71.6600mm,Bottom,0
SW39,71.3100mm,-1.8000mm,Bottom,0
SW40,60.6500mm,-1.8000mm,Bottom,0
U1,38.1000mm,-9.0000mm,Bottom,90
U2,33.0200mm,-70.3900mm,Bottom,0
U3,33.0200mm,-86.9000mm,Bottom,0
U4,7.6200mm,-86.9000mm,Bottom,0
U5,38.0000mm,-130.5000mm,Bottom,0
U6,8.8900mm,-64.0400mm,Bottom,0
U7,27.9400mm,-58.9600mm,Bottom,0
U8,52.0700mm,-125.0000mm,Bottom,90
U9,15.2400mm,-97.0600mm,Bottom,0
U10,15.2400mm,-111.0300mm,Bottom,0
