Designator,Val,Package,Mid X,Mid Y,Rotation,Layer
"BT1","?","JST_PH_S2B-PH-SM4-TB_1x02-1MP_P2.00mm_Horizontal",50.800000,-64.770000,180.000000,bottom
"C1","?","C_0603_1608Metric",42.545000,-10.160000,0.000000,bottom
"C2","?","C_0805_2012Metric",28.575000,-71.755000,0.000000,bottom
"C3","?","C_0805_2012Metric",28.575000,-74.930000,0.000000,bottom
"C4","?","C_0805_2012Metric",33.020000,-92.710000,0.000000,bottom
"C5","?","C_0402_1005Metric",36.830000,-92.710000,0.000000,bottom
"C6","?","C_0402_1005Metric",3.810000,-89.535000,0.000000,bottom
"C7","?","C_0402_1005Metric",47.625000,-136.525000,0.000000,bottom
"C8","?","C_0805_2012Metric",27.305000,-135.255000,0.000000,bottom
"C9","?","C_0402_1005Metric",27.305000,-137.795000,0.000000,bottom
"C10","?","C_0603_1608Metric",3.175000,-60.325000,0.000000,bottom
"C11","?","C_0603_1608Metric",7.620000,-60.325000,0.000000,bottom
"C12","?","C_0603_1608Metric",12.065000,-60.325000,0.000000,bottom
"C13","?","C_0603_1608Metric",3.175000,-62.865000,0.000000,bottom
"C14","?","C_0603_1608Metric",7.620000,-62.865000,0.000000,bottom
"C15","?","C_0603_1608Metric",12.065000,-62.865000,0.000000,bottom
"C16","?","C_0603_1608Metric",13.970000,-65.405000,0.000000,bottom
"C17","?","C_0603_1608Metric",20.320000,-73.025000,0.000000,bottom
"C18","?","C_0603_1608Metric",8.255000,-75.565000,0.000000,bottom
"C19","?","C_0603_1608Metric",19.050000,-79.375000,0.000000,bottom
"C20","?","C_0805_2012Metric",71.120000,-61.595000,0.000000,bottom
"C21","?","C_0603_1608Metric",60.325000,-61.595000,0.000000,bottom
"C22","?","C_0402_1005Metric",71.120000,-65.405000,0.000000,bottom
"D1","?","D_SOD-123",20.320000,-69.850000,0.000000,bottom
"D2","?","D_SOD-123",6.350000,-79.375000,0.000000,bottom
"D3","?","D_SOD-123",12.700000,-79.375000,0.000000,bottom
"D4","?","Vishay_VSMB2943SLX01_SideView",25.330000,-0.900000,180.000000,bottom
"D5","?","Dialight_599_BiColor_1208_RA",50.570000,-1.050000,180.000000,bottom
"D6","?","D_SOD-123",66.040000,-61.595000,0.000000,bottom
"J1","?","USB_C_Receptacle_GCT_USB4105-xx-A_16P_TopMnt_Horizontal",38.000000,-2.475000,0.000000,bottom
"J2","?","Amphenol_F32Q-1A7x1-11024_1x24-1MP_P0.5mm_Horizontal",9.750000,-30.150000,-90.000000,bottom
"L1","?","L_Coilcraft_XxL4020",38.735000,-88.900000,90.000000,bottom
"L2","?","L_Bourns-SRN4018",13.970000,-71.120000,0.000000,bottom
"L3","?","L_APV_ANR3015",60.325000,-66.040000,0.000000,bottom
"LS1","?","Buzzer_Murata_PKLCS1212E",64.770000,-118.110000,0.000000,bottom
"Q1","?","SOT-323_SC-70",8.890000,-71.120000,0.000000,bottom
"Q2","?","SOT-23",25.400000,-8.890000,0.000000,bottom
"R1","?","R_0402_1005Metric",31.115000,-10.160000,0.000000,bottom
"R2","?","R_0402_1005Metric",34.290000,-10.160000,0.000000,bottom
"R3","?","R_0402_1005Metric",36.830000,-73.025000,0.000000,bottom
"R4","?","R_0402_1005Metric",36.830000,-75.565000,0.000000,bottom
"R5","?","R_0402_1005Metric",36.830000,-70.485000,0.000000,bottom
"R6","?","R_0402_1005Metric",40.005000,-70.485000,0.000000,bottom
"R7","?","R_0402_1005Metric",28.575000,-68.580000,0.000000,bottom
"R8","?","R_0402_1005Metric",28.575000,-95.250000,0.000000,bottom
"R9","?","R_0402_1005Metric",28.575000,-90.170000,0.000000,bottom
"R10","?","R_0402_1005Metric",28.575000,-92.710000,0.000000,bottom
"R11","?","R_0402_1005Metric",11.430000,-87.630000,0.000000,bottom
"R12","?","R_0402_1005Metric",11.430000,-90.170000,0.000000,bottom
"R13","?","R_0402_1005Metric",47.625000,-133.985000,0.000000,bottom
"R14","?","R_0402_1005Metric",5.080000,-70.485000,0.000000,bottom
"R15","?","R_0402_1005Metric",5.080000,-73.025000,0.000000,bottom
"R16","?","R_0402_1005Metric",64.770000,-108.585000,0.000000,bottom
"R17","?","R_0402_1005Metric",24.130000,-4.445000,0.000000,bottom
"R18","?","R_0402_1005Metric",20.955000,-8.890000,0.000000,bottom
"R19","?","R_0402_1005Metric",52.070000,-4.445000,0.000000,bottom
"R20","?","R_0402_1005Metric",48.895000,-4.445000,0.000000,bottom
"R21","?","R_0402_1005Metric",71.120000,-67.945000,0.000000,bottom
"R22","?","R_0402_1005Metric",63.500000,-70.485000,0.000000,bottom
"R23","?","R_0402_1005Metric",66.675000,-70.485000,0.000000,bottom
"SW39","?","Alps_SKRTLAE010_SidePush",71.310000,-1.800000,0.000000,bottom
"SW40","?","Alps_SKRTLAE010_SidePush",60.650000,-1.800000,0.000000,bottom
"U1","?","TI_DQA0010A_USON-10_2.5x1mm_P0.5mm",38.100000,-10.160000,0.000000,bottom
"U2","?","Texas_DSQ0010A_WSON-10-1EP_2x2mm_P0.4mm_EP0.9x1.5mm",33.020000,-72.390000,0.000000,bottom
"U3","?","TI_DSK0010A_WSON-10-1EP_2.5x2.5mm_P0.5mm_EP2x1.2mm",33.020000,-88.900000,0.000000,bottom
"U4","?","TDFN-8-1EP_2x2mm_P0.5mm_EP0.8x1.2mm",7.620000,-88.900000,0.000000,bottom
"U5","?","ESP32-S2-MINI-1",38.000000,-133.500000,0.000000,bottom
"U6","?","SOT-23-6",66.040000,-66.040000,0.000000,bottom
"SW1","?","Dome_4Leg_8.5mm",6.750000,-62.000000,0.000000,top
"SW2","?","Dome_4Leg_8.5mm",19.250000,-62.000000,0.000000,top
"SW3","?","Dome_4Leg_8.5mm",31.750000,-62.000000,0.000000,top
"SW4","?","Dome_4Leg_8.5mm",44.250000,-62.000000,0.000000,top
"SW5","?","Dome_4Leg_8.5mm",56.750000,-62.000000,0.000000,top
"SW6","?","Dome_4Leg_8.5mm",69.250000,-62.000000,0.000000,top
"SW7","?","Dome_4Leg_8.5mm",6.750000,-74.000000,0.000000,top
"SW8","?","Dome_4Leg_8.5mm",19.250000,-74.000000,0.000000,top
"SW9","?","Dome_4Leg_8.5mm",31.750000,-74.000000,0.000000,top
"SW10","?","Dome_4Leg_8.5mm",44.250000,-74.000000,0.000000,top
"SW11","?","Dome_4Leg_8.5mm",56.750000,-74.000000,0.000000,top
"SW12","?","Dome_4Leg_8.5mm",69.250000,-74.000000,0.000000,top
"SW13","?","Dome_4Leg_8.5mm",6.750000,-86.000000,0.000000,top
"SW14","?","Dome_4Leg_8.5mm",31.750000,-86.000000,0.000000,top
"SW15","?","Dome_4Leg_8.5mm",44.250000,-86.000000,0.000000,top
"SW16","?","Dome_4Leg_8.5mm",56.750000,-86.000000,0.000000,top
"SW17","?","Dome_4Leg_8.5mm",69.250000,-86.000000,0.000000,top
"SW18","?","Dome_4Leg_8.5mm",6.750000,-98.000000,0.000000,top
"SW19","?","Dome_4Leg_10mm",23.000000,-98.000000,0.000000,top
"SW20","?","Dome_4Leg_10mm",38.000000,-98.000000,0.000000,top
"SW21","?","Dome_4Leg_10mm",53.000000,-98.000000,0.000000,top
"SW22","?","Dome_4Leg_10mm",68.000000,-98.000000,0.000000,top
"SW23","?","Dome_4Leg_8.5mm",6.750000,-110.000000,0.000000,top
"SW24","?","Dome_4Leg_10mm",23.000000,-110.000000,0.000000,top
"SW25","?","Dome_4Leg_10mm",38.000000,-110.000000,0.000000,top
"SW26","?","Dome_4Leg_10mm",53.000000,-110.000000,0.000000,top
"SW27","?","Dome_4Leg_10mm",68.000000,-110.000000,0.000000,top
"SW28","?","Dome_4Leg_8.5mm",6.750000,-122.000000,0.000000,top
"SW29","?","Dome_4Leg_10mm",23.000000,-122.000000,0.000000,top
"SW30","?","Dome_4Leg_10mm",38.000000,-122.000000,0.000000,top
"SW31","?","Dome_4Leg_10mm",53.000000,-122.000000,0.000000,top
"SW32","?","Dome_4Leg_10mm",68.000000,-122.000000,0.000000,top
"SW33","?","Dome_4Leg_8.5mm",6.750000,-134.000000,0.000000,top
"SW34","?","Dome_4Leg_10mm",23.000000,-134.000000,0.000000,top
"SW35","?","Dome_4Leg_10mm",38.000000,-134.000000,0.000000,top
"SW36","?","Dome_4Leg_10mm",53.000000,-134.000000,0.000000,top
"SW37","?","Dome_4Leg_10mm",68.000000,-134.000000,0.000000,top
"SW38","?","Dome_4Leg_8.5mm",19.250000,-86.000000,0.000000,top
