"Id";"Designator";"Footprint";"Quantity";"Designation";"Supplier and ref";
1;"BT1";"JST_PH_S2B-PH-SM4-TB_1x02-1MP_P2.00mm_Horizontal";1;"?";;;
2;"C1, C10, C11, C12, C13, C14, C15, C16, C17, C18, C19, C21";"C_0603_1608Metric";12;"?";;;
3;"C2, C3, C4, C8, C20";"C_0805_2012Metric";5;"?";;;
4;"C5, C6, C7, C9, C22";"C_0402_1005Metric";5;"?";;;
5;"D1, D2, D3, D6";"D_SOD-123";4;"?";;;
6;"D4";"Vishay_VSMB2943SLX01_SideView";1;"?";;;
7;"D5";"Dialight_599_BiColor_1208_RA";1;"?";;;
8;"J1";"USB_C_Receptacle_GCT_USB4105-xx-A_16P_TopMnt_Horizontal";1;"?";;;
9;"J2";"Amphenol_F32Q-1A7x1-11024_1x24-1MP_P0.5mm_Horizontal";1;"?";;;
10;"L1";"L_Coilcraft_XxL4020";1;"?";;;
11;"L2";"L_Bourns-SRN4018";1;"?";;;
12;"L3";"L_APV_ANR3015";1;"?";;;
13;"LS1";"Buzzer_Murata_PKLCS1212E";1;"?";;;
14;"Q1";"SOT-323_SC-70";1;"?";;;
15;"Q2";"SOT-23";1;"?";;;
16;"R1, R2, R3, R4, R5, R6, R7, R8, R9, R10, R11, R12, R13, R14, R15, R16, R17, R18, R19, R20, R21, R22, R23";"R_0402_1005Metric";23;"?";;;
17;"SW1, SW2, SW3, SW4, SW5, SW6, SW7, SW8, SW9, SW10, SW11, SW12, SW13, SW14, SW15, SW16, SW17, SW18, SW23, SW28, SW33, SW38";"Dome_4Leg_8.5mm";22;"?";;;
18;"SW19, SW20, SW21, SW22, SW24, SW25, SW26, SW27, SW29, SW30, SW31, SW32, SW34, SW35, SW36, SW37";"Dome_4Leg_10mm";16;"?";;;
19;"SW39, SW40";"Alps_SKRTLAE010_SidePush";2;"?";;;
20;"TP1, TP2";"TestPoint_Pad_2.0x2.0mm";2;"?";;;
21;"TP3";"TestPoint_Pad_3.0x3.0mm";1;"?";;;
22;"TP4, TP5, TP6, TP7, TP8, TP9, TP10, TP11";"TestPoint_Pad_D1.5mm";8;"?";;;
23;"U1";"TI_DQA0010A_USON-10_2.5x1mm_P0.5mm";1;"?";;;
24;"U2";"Texas_DSQ0010A_WSON-10-1EP_2x2mm_P0.4mm_EP0.9x1.5mm";1;"?";;;
25;"U3";"TI_DSK0010A_WSON-10-1EP_2.5x2.5mm_P0.5mm_EP2x1.2mm";1;"?";;;
26;"U4";"TDFN-8-1EP_2x2mm_P0.5mm_EP0.8x1.2mm";1;"?";;;
27;"U5";"ESP32-S2-MINI-1";1;"?";;;
28;"U6";"SOT-23-6";1;"?";;;
